mRhiFer1	LINECR1	110
mRhiFer1	LINEL1	7095
mRhiFer1	LINEL2	234
mRhiFer1	LTRERV1	4731
mRhiFer1	LTRERVK	3246
mRhiFer1	Simple_repeat	860
mRhiFer1	tRNA	64
mLynCan4	LINEL1	25023
mLynCan4	Low_complexity	593
mLynCan4	SINEtRNA	2681
mLynCan4	Simple_repeat	8900
mOrnAna1	DNATcMar-Tigger	135
mOrnAna1	DNAhAT-Ac	111
mOrnAna1	LINEL2	94249
mOrnAna1	LINERTE-BovB	202
mOrnAna1	LTRERV1	9584
mOrnAna1	LTRERVK	451
mOrnAna1	LTRERVL	18729
mOrnAna1	LTRERVL?	4157
mOrnAna1	Low_complexity	6293
mOrnAna1	SINECore-RTE	248
mOrnAna1	SINEMIR	30141
mOrnAna1	SINEtRNA	268
mOrnAna1	SINEtRNA-Core	60
mOrnAna1	SINEtRNA-Core-RTE	197
mOrnAna1	Satellite	2465885
mOrnAna1	Segmental	11114
mOrnAna1	Simple_repeat	42078
mOrnAna1	Unknown	336
mOrnAna1	rRNA	1398
bTaeGut1	LINECR1	181
bTaeGut1	LINER2	4666
bTaeGut1	LTRERV1	44896
bTaeGut1	LTRERVK	72049
bTaeGut1	LTRERVL	20213
bTaeGut1	SINE?	983
bTaeGut1	Satellite	140
bTaeGut1	Simple_repeat	7064
bTaeGut1	rRNA	1315
bTaeGut2	LINER2	9336
bTaeGut2	LTRERV1	11885
bTaeGut2	LTRERVK	27406
bTaeGut2	LTRERVL	4255
bTaeGut2	Low_complexity	84
bTaeGut2	SINE?	1966
bTaeGut2	Simple_repeat	2522
bTaeGut2	rRNA	2782
bStrHab1	LTRERV1	19725
bStrHab1	LTRERVK	5624
bStrHab1	Low_complexity	8451
bStrHab1	Simple_repeat	5459
bCalAnn1	Low_complexity	37
bCalAnn1	Simple_repeat	1233
rGopEvg1	DNAhAT-Blackjack	72
rGopEvg1	DNAhAT-Tip100	566
rGopEvg1	LINECR1	373
rGopEvg1	LTRERV1	642
rGopEvg1	Low_complexity	454
rGopEvg1	SINE5S-Deu-L2	38
rGopEvg1	Simple_repeat	3229
rGopEvg1	rRNA	1394
rGopEvg1	tRNA	152
aRhiBiv1	DNAKolobok-T2	4457
aRhiBiv1	DNAPIF-Harbinger	4289
aRhiBiv1	DNATcMar-Tc1	6256
aRhiBiv1	Unknown	472
fMasArm1	Low_complexity	1172
fMasArm1	Simple_repeat	3840
fMasArm1	rRNA	995
fAnaTes1	Simple_repeat	1646
fAnaTes1	rRNA	1200
fArcCen1	Low_complexity	43
fArcCen1	Simple_repeat	5247
fAstCal1	Low_complexity	332
fAstCal1	Simple_repeat	2803
fCotGob3	Low_complexity	1082
fCotGob3	Simple_repeat	36384
fCotGob3	rRNA	9944
fCotGob3	tRNA	11056
fGouWil2	Low_complexity	236
fGouWil2	Simple_repeat	2043
fGouWil2	rRNA	10633
sAmbRad1	Low_complexity	5987
sAmbRad1	SINEtRNA-V	1194
sAmbRad1	Simple_repeat	365319
